dataset,kmeans,gmm
1480b,0.000518784259490453,0.000518784259490453
37b,-0.0013704953348301257,-0.00020644128074919418
1067b,0.11458466104656467,0.10637795317649995
1063b,0.18148736633330712,0.1655527767219308
1068b,0.07613306318804706,0.043317457361040895
1050b,0.040591791848291224,0.040591791848291224
1049b,0.17548458950947415,0.2154141944719401
1464b,0.00761763856588017,0.00761763856588017
1510b,0.6806499202881889,0.6346174763657657
40994b,-0.01092001092001092,-0.01092001092001092
