dataset,kmeans,gmm
1480b,0.5209580838323353,0.5209580838323353
37b,0.5111940298507462,0.5186567164179104
1067b,0.6702453987730062,0.6641104294478528
1063b,0.7149532710280374,0.705607476635514
1068b,0.6428571428571429,0.6103896103896104
1050b,0.603125,0.603125
1049b,0.7106741573033708,0.7331460674157303
1464b,0.547752808988764,0.547752808988764
1510b,0.9127358490566038,0.8985849056603774
40994b,0.5,0.5
